"title.id","title"
1,"¡Three Amigos! (1986)"
2,"'burbs, The (1989)"
3,"(500) Days of Summer (2009)"
4,"10 Cloverfield Lane (2016)"
5,"10 Things I Hate About You (1999)"
6,"10,000 BC (2008)"
7,"101 Dalmatians (1996)"
8,"101 Dalmatians (One Hundred and One Dalmatians) (1961)"
9,"12 Angry Men (1957)"
10,"12 Years a Slave (2013)"
11,"127 Hours (2010)"
12,"13 Going on 30 (2004)"
13,"13th Warrior, The (1999)"
14,"1408 (2007)"
15,"15 Minutes (2001)"
16,"17 Again (2009)"
17,"1984 (Nineteen Eighty-Four) (1984)"
18,"2 Days in the Valley (1996)"
19,"2 Fast 2 Furious (Fast and the Furious 2, The) (2003)"
20,"20,000 Leagues Under the Sea (1954)"
21,"2001: A Space Odyssey (1968)"
22,"2010: The Year We Make Contact (1984)"
23,"2012 (2009)"
24,"21 (2008)"
25,"21 Grams (2003)"
26,"21 Jump Street (2012)"
27,"22 Jump Street (2014)"
28,"25th Hour (2002)"
29,"27 Dresses (2008)"
30,"28 Days (2000)"
31,"28 Days Later (2002)"
32,"28 Weeks Later (2007)"
33,"3:10 to Yuma (2007)"
34,"30 Days of Night (2007)"
35,"300 (2007)"
36,"39 Steps, The (1935)"
37,"40 Days and 40 Nights (2002)"
38,"40-Year-Old Virgin, The (2005)"
39,"400 Blows, The (Les quatre cents coups) (1959)"
40,"48 Hrs. (1982)"
41,"50 First Dates (2004)"
42,"50/50 (2011)"
43,"6th Day, The (2000)"
44,"8 1/2 (8½) (1963)"
45,"8 Mile (2002)"
46,"8MM (1999)"
47,"9 (2009)"
48,"9 1/2 Weeks (Nine 1/2 Weeks) (1986)"
49,"A Million Ways to Die in the West (2014)"
50,"A-Team, The (2010)"
51,"A.I. Artificial Intelligence (2001)"
52,"About a Boy (2002)"
53,"About Schmidt (2002)"
54,"About Time (2013)"
55,"Absolute Power (1997)"
56,"Abyss, The (1989)"
57,"Accepted (2006)"
58,"Ace Ventura: Pet Detective (1994)"
59,"Ace Ventura: When Nature Calls (1995)"
60,"Across the Universe (2007)"
61,"Adaptation (2002)"
62,"Addams Family Values (1993)"
63,"Addams Family, The (1991)"
64,"Addicted to Love (1997)"
65,"Adjustment Bureau, The (2011)"
66,"Adventureland (2009)"
67,"Adventures in Babysitting (1987)"
68,"Adventures of Baron Munchausen, The (1988)"
69,"Adventures of Buckaroo Banzai Across the 8th Dimension, The (1984)"
70,"Adventures of Priscilla, Queen of the Desert, The (1994)"
71,"Adventures of Tintin, The (2011)"
72,"Aeon Flux (2005)"
73,"African Queen, The (1951)"
74,"Age of Innocence, The (1993)"
75,"Air Force One (1997)"
76,"Airheads (1994)"
77,"Airplane II: The Sequel (1982)"
78,"Airplane! (1980)"
79,"Akira (1988)"
80,"Aladdin (1992)"
81,"Aladdin and the King of Thieves (1996)"
82,"Alexander (2004)"
83,"Alice in Wonderland (1951)"
84,"Alice in Wonderland (2010)"
85,"Alien (1979)"
86,"Alien Nation (1988)"
87,"Alien: Resurrection (1997)"
88,"Alien³ (a.k.a. Alien 3) (1992)"
89,"Aliens (1986)"
90,"All About Eve (1950)"
91,"All About My Mother (Todo sobre mi madre) (1999)"
92,"All Dogs Go to Heaven (1989)"
93,"All Dogs Go to Heaven 2 (1996)"
94,"All Quiet on the Western Front (1930)"
95,"All the President's Men (1976)"
96,"Almost Famous (2000)"
97,"Along Came a Spider (2001)"
98,"Along Came Polly (2004)"
99,"Amadeus (1984)"
100,"Amazing Spider-Man, The (2012)"
101,"Amelie (Fabuleux destin d'Amélie Poulain, Le) (2001)"
102,"America's Sweethearts (2001)"
103,"American Beauty (1999)"
104,"American Gangster (2007)"
105,"American Graffiti (1973)"
106,"American History X (1998)"
107,"American Hustle (2013)"
108,"American in Paris, An (1951)"
109,"American Pie (1999)"
110,"American Pie 2 (2001)"
111,"American President, The (1995)"
112,"American Psycho (2000)"
113,"American Sniper (2014)"
114,"American Splendor (2003)"
115,"American Tail, An (1986)"
116,"American Tail: Fievel Goes West, An (1991)"
117,"American Wedding (American Pie 3) (2003)"
118,"American Werewolf in London, An (1981)"
119,"American Werewolf in Paris, An (1997)"
120,"Amistad (1997)"
121,"Amityville Horror, The (1979)"
122,"Amores Perros (Love's a Bitch) (2000)"
123,"Anaconda (1997)"
124,"Analyze This (1999)"
125,"Anastasia (1997)"
126,"Anchorman 2: The Legend Continues (2013)"
127,"Anchorman: The Legend of Ron Burgundy (2004)"
128,"And Your Mother Too (Y tu mamá también) (2001)"
129,"Angels & Demons (2009)"
130,"Angels in the Outfield (1994)"
131,"Anger Management (2003)"
132,"Animal House (1978)"
133,"Animal, The (2001)"
134,"Animatrix, The (2003)"
135,"Annie (1982)"
136,"Annie Hall (1977)"
137,"Another Stakeout (1993)"
138,"Ant-Man (2015)"
139,"Antz (1998)"
140,"Any Given Sunday (1999)"
141,"Apartment, The (1960)"
142,"Apocalypse Now (1979)"
143,"Apocalypto (2006)"
144,"Apollo 13 (1995)"
145,"Apple Dumpling Gang, The (1975)"
146,"Arachnophobia (1990)"
147,"Argo (2012)"
148,"Aristocats, The (1970)"
149,"Aristocrats, The (2005)"
150,"Arlington Road (1999)"
151,"Armageddon (1998)"
152,"Army of Darkness (1993)"
153,"Around the World in 80 Days (1956)"
154,"Arrival (2016)"
155,"Arrival, The (1996)"
156,"Arsenic and Old Lace (1944)"
157,"Arthur (1981)"
158,"As Good as It Gets (1997)"
159,"Assassination of Jesse James by the Coward Robert Ford, The (2007)"
160,"Assassins (1995)"
161,"Astronaut's Wife, The (1999)"
162,"Atlantis: The Lost Empire (2001)"
163,"Atonement (2007)"
164,"Austin Powers in Goldmember (2002)"
165,"Austin Powers: International Man of Mystery (1997)"
166,"Austin Powers: The Spy Who Shagged Me (1999)"
167,"Autumn in New York (2000)"
168,"Avatar (2009)"
169,"Avengers, The (1998)"
170,"Avengers, The (2012)"
171,"Avengers: Age of Ultron (2015)"
172,"Avengers: Infinity War - Part I (2018)"
173,"Aviator, The (2004)"
174,"AVP: Alien vs. Predator (2004)"
175,"Awakenings (1990)"
176,"Babe (1995)"
177,"Babe: Pig in the City (1998)"
178,"Babel (2006)"
179,"Baby Mama (2008)"
180,"Bachelor, The (1999)"
181,"Back to School (1986)"
182,"Back to the Future (1985)"
183,"Back to the Future Part II (1989)"
184,"Back to the Future Part III (1990)"
185,"Backdraft (1991)"
186,"Bad Boys (1995)"
187,"Bad Boys II (2003)"
188,"Bad Santa (2003)"
189,"Badlands (1973)"
190,"Bambi (1942)"
191,"Bananas (1971)"
192,"Bank Job, The (2008)"
193,"Barb Wire (1996)"
194,"Barcelona (1994)"
195,"Barton Fink (1991)"
196,"BASEketball (1998)"
197,"Basic Instinct (1992)"
198,"Basketball Diaries, The (1995)"
199,"Batman (1989)"
200,"Batman & Robin (1997)"
201,"Batman Begins (2005)"
202,"Batman Forever (1995)"
203,"Batman Returns (1992)"
204,"Batman v Superman: Dawn of Justice (2016)"
205,"Batman: Mask of the Phantasm (1993)"
206,"Battle Royale (Batoru rowaiaru) (2000)"
207,"Battlefield Earth (2000)"
208,"Battleship Potemkin (1925)"
209,"Battlestar Galactica (2003)"
210,"Be Kind Rewind (2008)"
211,"Beach, The (2000)"
212,"Bean (1997)"
213,"Beautiful Girls (1996)"
214,"Beautiful Mind, A (2001)"
215,"Beauty and the Beast (1991)"
216,"Beauty of the Day (Belle de jour) (1967)"
217,"Beavis and Butt-Head Do America (1996)"
218,"Bedazzled (2000)"
219,"Bedknobs and Broomsticks (1971)"
220,"Bedtime Stories (2008)"
221,"Bee Movie (2007)"
222,"Beethoven (1992)"
223,"Beetlejuice (1988)"
224,"Before Sunrise (1995)"
225,"Before Sunset (2004)"
226,"Behind Enemy Lines (2001)"
227,"Being John Malkovich (1999)"
228,"Being There (1979)"
229,"Ben-Hur (1959)"
230,"Benchwarmers, The (2006)"
231,"Bend It Like Beckham (2002)"
232,"Beneath the Planet of the Apes (1970)"
233,"Benny & Joon (1993)"
234,"Best in Show (2000)"
235,"Better Off Dead... (1985)"
236,"Beverly Hillbillies, The (1993)"
237,"Beverly Hills Cop (1984)"
238,"Beverly Hills Cop II (1987)"
239,"Beverly Hills Cop III (1994)"
240,"Beverly Hills Ninja (1997)"
241,"Bewitched (2005)"
242,"Bicentennial Man (1999)"
243,"Bicycle Thieves (a.k.a. The Bicycle Thief) (a.k.a. The Bicycle Thieves) (Ladri di biciclette) (1948)"
244,"Big (1988)"
245,"Big Blue, The (Grand bleu, Le) (1988)"
246,"Big Chill, The (1983)"
247,"Big Daddy (1999)"
248,"Big Fish (2003)"
249,"Big Hero 6 (2014)"
250,"Big Lebowski, The (1998)"
251,"Big Momma's House (2000)"
252,"Big Night (1996)"
253,"Big Short, The (2015)"
254,"Big Sleep, The (1946)"
255,"Big Trouble in Little China (1986)"
256,"Bill & Ted's Bogus Journey (1991)"
257,"Bill & Ted's Excellent Adventure (1989)"
258,"Billy Elliot (2000)"
259,"Billy Madison (1995)"
260,"Bio-Dome (1996)"
261,"Birdcage, The (1996)"
262,"Birdman: Or (The Unexpected Virtue of Ignorance) (2014)"
263,"Birds, The (1963)"
264,"Black Beauty (1994)"
265,"Black Hawk Down (2001)"
266,"Black Panther (2017)"
267,"Black Sheep (1996)"
268,"Black Swan (2010)"
269,"Blade (1998)"
270,"Blade II (2002)"
271,"Blade Runner (1982)"
272,"Blade Runner 2049 (2017)"
273,"Blade: Trinity (2004)"
274,"Blades of Glory (2007)"
275,"Blair Witch Project, The (1999)"
276,"Blast from the Past (1999)"
277,"Blazing Saddles (1974)"
278,"Blind Side, The  (2009)"
279,"Blind Swordsman: Zatoichi, The (Zatôichi) (2003)"
280,"Blood Diamond (2006)"
281,"Blood Simple (1984)"
282,"Blow (2001)"
283,"Blown Away (1994)"
284,"Blue Lagoon, The (1980)"
285,"Blue Velvet (1986)"
286,"Blues Brothers 2000 (1998)"
287,"Blues Brothers, The (1980)"
288,"Bob Roberts (1992)"
289,"Body Heat (1981)"
290,"Body of Lies (2008)"
291,"Bodyguard, The (1992)"
292,"Boiler Room (2000)"
293,"Bolt (2008)"
294,"Bone Collector, The (1999)"
295,"Bonnie and Clyde (1967)"
296,"Boogie Nights (1997)"
297,"Book of Eli, The (2010)"
298,"Boomerang (1992)"
299,"Boondock Saints, The (2000)"
300,"Boot, Das (Boat, The) (1981)"
301,"Borat: Cultural Learnings of America for Make Benefit Glorious Nation of Kazakhstan (2006)"
302,"Born on the Fourth of July (1989)"
303,"Borrowers, The (1997)"
304,"Bottle Rocket (1996)"
305,"Bound (1996)"
306,"Bourne Identity, The (2002)"
307,"Bourne Legacy, The (2012)"
308,"Bourne Supremacy, The (2004)"
309,"Bourne Ultimatum, The (2007)"
310,"Bowfinger (1999)"
311,"Bowling for Columbine (2002)"
312,"Boxing Helena (1993)"
313,"Boyhood (2014)"
314,"Boys Don't Cry (1999)"
315,"Boys on the Side (1995)"
316,"Boyz N the Hood (1991)"
317,"Brady Bunch Movie, The (1995)"
318,"Brave (2012)"
319,"Braveheart (1995)"
320,"Brazil (1985)"
321,"Break-Up, The (2006)"
322,"Breakdown (1997)"
323,"Breakfast at Tiffany's (1961)"
324,"Breakfast Club, The (1985)"
325,"Breaking Away (1979)"
326,"Brick (2005)"
327,"Bridesmaids (2011)"
328,"Bridge on the River Kwai, The (1957)"
329,"Bridges of Madison County, The (1995)"
330,"Bridget Jones: The Edge of Reason (2004)"
331,"Bridget Jones's Diary (2001)"
332,"Bring It On (2000)"
333,"Bringing Up Baby (1938)"
334,"Broadcast News (1987)"
335,"Brokeback Mountain (2005)"
336,"Broken Arrow (1996)"
337,"Broken Flowers (2005)"
338,"Bronx Tale, A (1993)"
339,"Brotherhood of the Wolf (Pacte des loups, Le) (2001)"
340,"Brothers Grimm, The (2005)"
341,"Brothers McMullen, The (1995)"
342,"Bruce Almighty (2003)"
343,"Brüno (Bruno) (2009)"
344,"Bubba Ho-tep (2002)"
345,"Bucket List, The (2007)"
346,"Buffalo '66 (a.k.a. Buffalo 66) (1998)"
347,"Buffy the Vampire Slayer (1992)"
348,"Bug's Life, A (1998)"
349,"Bull Durham (1988)"
350,"Bulletproof Monk (2003)"
351,"Bullets Over Broadway (1994)"
352,"Bulworth (1998)"
353,"Burn After Reading (2008)"
354,"Butch Cassidy and the Sundance Kid (1969)"
355,"Cabin in the Woods, The (2012)"
356,"Cable Guy, The (1996)"
357,"Caddyshack (1980)"
358,"Can't Hardly Wait (1998)"
359,"Canadian Bacon (1995)"
360,"Candyman (1992)"
361,"Cannonball Run, The (1981)"
362,"Cape Fear (1962)"
363,"Cape Fear (1991)"
364,"Capote (2005)"
365,"Captain America: Civil War (2016)"
366,"Captain America: The First Avenger (2011)"
367,"Captain America: The Winter Soldier (2014)"
368,"Captain Phillips (2013)"
369,"Carlito's Way (1993)"
370,"Carrie (1976)"
371,"Cars (2006)"
372,"Casablanca (1942)"
373,"Casino (1995)"
374,"Casino Royale (2006)"
375,"Casper (1995)"
376,"Cast Away (2000)"
377,"Cat on a Hot Tin Roof (1958)"
378,"Catch Me If You Can (2002)"
379,"Cats & Dogs (2001)"
380,"Celebration, The (Festen) (1998)"
381,"Cell, The (2000)"
382,"Chain Reaction (1996)"
383,"Change-Up, The (2011)"
384,"Chappie (2015)"
385,"Charade (1963)"
386,"Chariots of Fire (1981)"
387,"Charlie and the Chocolate Factory (2005)"
388,"Charlie's Angels (2000)"
389,"Charlie's Angels: Full Throttle (2003)"
390,"Charlotte's Web (1973)"
391,"Chasing Amy (1997)"
392,"Cheech and Chong's Up in Smoke (1978)"
393,"Chicago (2002)"
394,"Chicken Run (2000)"
395,"Child's Play (1988)"
396,"Children of a Lesser God (1986)"
397,"Children of Men (2006)"
398,"Children of the Corn (1984)"
399,"Chinatown (1974)"
400,"Chitty Chitty Bang Bang (1968)"
401,"Chocolat (2000)"
402,"Chorus, The (Choristes, Les) (2004)"
403,"Christine (1983)"
404,"Christmas Story, A (1983)"
405,"Christmas Vacation (National Lampoon's Christmas Vacation) (1989)"
406,"Chronicles of Narnia: Prince Caspian, The (2008)"
407,"Chronicles of Narnia: The Lion, the Witch and the Wardrobe, The (2005)"
408,"Chronicles of Riddick, The (2004)"
409,"Cider House Rules, The (1999)"
410,"Cinderella (1950)"
411,"Cinderella Man (2005)"
412,"Cinema Paradiso (Nuovo cinema Paradiso) (1989)"
413,"Circle of Friends (1995)"
414,"Citizen Kane (1941)"
415,"City Hall (1996)"
416,"City Lights (1931)"
417,"City of Angels (1998)"
418,"City of God (Cidade de Deus) (2002)"
419,"City of Lost Children, The (Cité des enfants perdus, La) (1995)"
420,"City Slickers (1991)"
421,"City Slickers II: The Legend of Curly's Gold (1994)"
422,"Civil Action, A (1998)"
423,"Clash of the Titans (2010)"
424,"Clear and Present Danger (1994)"
425,"Clerks (1994)"
426,"Clerks II (2006)"
427,"Click (2006)"
428,"Client, The (1994)"
429,"Cliffhanger (1993)"
430,"Clockers (1995)"
431,"Clockwork Orange, A (1971)"
432,"Close Encounters of the Third Kind (1977)"
433,"Closer (2004)"
434,"Cloud Atlas (2012)"
435,"Cloudy with a Chance of Meatballs (2009)"
436,"Cloverfield (2008)"
437,"Clue (1985)"
438,"Clueless (1995)"
439,"Cocktail (1988)"
440,"Coco (2017)"
441,"Cocoon (1985)"
442,"Cold Comfort Farm (1995)"
443,"Cold Mountain (2003)"
444,"Collateral (2004)"
445,"Color of Money, The (1986)"
446,"Color Purple, The (1985)"
447,"Coming to America (1988)"
448,"Commitments, The (1991)"
449,"Con Air (1997)"
450,"Conan the Barbarian (1982)"
451,"Coneheads (1993)"
452,"Confessions of a Dangerous Mind (2002)"
453,"Congo (1995)"
454,"Conquest of the Planet of the Apes (1972)"
455,"Conspiracy Theory (1997)"
456,"Constant Gardener, The (2005)"
457,"Constantine (2005)"
458,"Contact (1997)"
459,"Contagion (2011)"
460,"Conversation, The (1974)"
461,"Cook the Thief His Wife & Her Lover, The (1989)"
462,"Cookie's Fortune (1999)"
463,"Cool Hand Luke (1967)"
464,"Cool Runnings (1993)"
465,"Cooler, The (2003)"
466,"Cop Land (1997)"
467,"Copycat (1995)"
468,"Coraline (2009)"
469,"Corporation, The (2003)"
470,"Corpse Bride (2005)"
471,"Corrina, Corrina (1994)"
472,"Courage Under Fire (1996)"
473,"Cowboy Bebop: The Movie (Cowboy Bebop: Tengoku no Tobira) (2001)"
474,"Coyote Ugly (2000)"
475,"Craft, The (1996)"
476,"Crank (2006)"
477,"Crash (1996)"
478,"Crash (2004)"
479,"Crazy, Stupid, Love. (2011)"
480,"Creature Comforts (1989)"
481,"Creepshow (1982)"
482,"Crimes and Misdemeanors (1989)"
483,"Crimson Tide (1995)"
484,"Crocodile Dundee (1986)"
485,"Crocodile Dundee II (1988)"
486,"Crocodile Dundee in Los Angeles (2001)"
487,"Crouching Tiger, Hidden Dragon (Wo hu cang long) (2000)"
488,"Croupier (1998)"
489,"Crow, The (1994)"
490,"Crow: City of Angels, The (1996)"
491,"Cruel Intentions (1999)"
492,"Crumb (1994)"
493,"Crying Game, The (1992)"
494,"Cube (1997)"
495,"Curious Case of Benjamin Button, The (2008)"
496,"Cutthroat Island (1995)"
497,"Cutting Edge, The (1992)"
498,"Cyrano de Bergerac (1990)"
499,"Da Vinci Code, The (2006)"
500,"Dallas Buyers Club (2013)"
501,"Dancer in the Dark (2000)"
502,"Dances with Wolves (1990)"
503,"Dangerous Liaisons (1988)"
504,"Dangerous Minds (1995)"
505,"Dante's Peak (1997)"
506,"Daredevil (2003)"
507,"Darjeeling Limited, The (2007)"
508,"Dark City (1998)"
509,"Dark Crystal, The (1982)"
510,"Dark Knight Rises, The (2012)"
511,"Dark Knight, The (2008)"
512,"Das Experiment (Experiment, The) (2001)"
513,"Date Night (2010)"
514,"Dave (1993)"
515,"Dawn of the Dead (1978)"
516,"Dawn of the Dead (2004)"
517,"Dawn of the Planet of the Apes (2014)"
518,"Day After Tomorrow, The (2004)"
519,"Day the Earth Stood Still, The (1951)"
520,"Daylight (1996)"
521,"Days of Thunder (1990)"
522,"Dazed and Confused (1993)"
523,"Dead Again (1991)"
524,"Dead Alive (Braindead) (1992)"
525,"Dead Calm (1989)"
526,"Dead Man (1995)"
527,"Dead Man Walking (1995)"
528,"Dead Men Don't Wear Plaid (1982)"
529,"Dead Poets Society (1989)"
530,"Dead Zone, The (1983)"
531,"Deadpool (2016)"
532,"Deadpool 2 (2018)"
533,"Death Becomes Her (1992)"
534,"Death Proof (2007)"
535,"Death to Smoochy (2002)"
536,"Deep Blue Sea (1999)"
537,"Deep Impact (1998)"
538,"Deer Hunter, The (1978)"
539,"Defending Your Life (1991)"
540,"Definitely, Maybe (2008)"
541,"Déjà Vu (Deja Vu) (2006)"
542,"Delicatessen (1991)"
543,"Deliverance (1972)"
544,"Demolition Man (1993)"
545,"Departed, The (2006)"
546,"Descendants, The (2011)"
547,"Descent, The (2005)"
548,"Desperado (1995)"
549,"Desperately Seeking Susan (1985)"
550,"Despicable Me (2010)"
551,"Despicable Me 2 (2013)"
552,"Detroit Rock City (1999)"
553,"Deuce Bigalow: Male Gigolo (1999)"
554,"Devil in a Blue Dress (1995)"
555,"Devil Wears Prada, The (2006)"
556,"Devil's Backbone, The (Espinazo del diablo, El) (2001)"
557,"Devil's Own, The (1997)"
558,"Diabolique (1996)"
559,"Dial M for Murder (1954)"
560,"Diamonds Are Forever (1971)"
561,"Dick Tracy (1990)"
562,"Dictator, The (2012)"
563,"Die Another Day (2002)"
564,"Die Hard (1988)"
565,"Die Hard 2 (1990)"
566,"Die Hard: With a Vengeance (1995)"
567,"Diner (1982)"
568,"Dinosaur (2000)"
569,"Dirty Dancing (1987)"
570,"Dirty Dozen, The (1967)"
571,"Dirty Harry (1971)"
572,"Dirty Pretty Things (2002)"
573,"Dirty Rotten Scoundrels (1988)"
574,"Disclosure (1994)"
575,"District 9 (2009)"
576,"Disturbia (2007)"
577,"Divergent (2014)"
578,"Django Unchained (2012)"
579,"Do the Right Thing (1989)"
580,"Doctor Dolittle (1967)"
581,"Doctor Strange (2016)"
582,"Doctor Zhivago (1965)"
583,"Dodgeball: A True Underdog Story (2004)"
584,"Dog Day Afternoon (1975)"
585,"Dogma (1999)"
586,"Dogville (2003)"
587,"Dolores Claiborne (1995)"
588,"Don Juan DeMarco (1995)"
589,"Don't Tell Mom the Babysitter's Dead (1991)"
590,"Donnie Brasco (1997)"
591,"Donnie Darko (2001)"
592,"Doom (2005)"
593,"Doors, The (1991)"
594,"Double Indemnity (1944)"
595,"Double Jeopardy (1999)"
596,"Down by Law (1986)"
597,"Down Periscope (1996)"
598,"Down to Earth (2001)"
599,"Down with Love (2003)"
600,"Downfall (Untergang, Der) (2004)"
601,"Dr. Dolittle (1998)"
602,"Dr. Dolittle 2 (2001)"
603,"Dr. Horrible's Sing-Along Blog (2008)"
604,"Dr. No (1962)"
605,"Dr. Strangelove or: How I Learned to Stop Worrying and Love the Bomb (1964)"
606,"Dracula (Bram Stoker's Dracula) (1992)"
607,"Dracula: Dead and Loving It (1995)"
608,"Dragonheart (1996)"
609,"Dreamers, The (2003)"
610,"Dredd (2012)"
611,"Drive (2011)"
612,"Driving Miss Daisy (1989)"
613,"Drop Dead Gorgeous (1999)"
614,"Drop Zone (1994)"
615,"Drugstore Cowboy (1989)"
616,"Drunken Master (Jui kuen) (1978)"
617,"Duck Soup (1933)"
618,"Dude, Where's My Car? (2000)"
619,"Due Date (2010)"
620,"Dukes of Hazzard, The (2005)"
621,"Dumb & Dumber (Dumb and Dumber) (1994)"
622,"Dumb and Dumberer: When Harry Met Lloyd (2003)"
623,"Dumbo (1941)"
624,"Dune (1984)"
625,"Dungeons & Dragons (2000)"
626,"Dunkirk (2017)"
627,"E.T. the Extra-Terrestrial (1982)"
628,"Eastern Promises (2007)"
629,"Easy A (2010)"
630,"Easy Rider (1969)"
631,"Eat Drink Man Woman (Yin shi nan nu) (1994)"
632,"Ed Wood (1994)"
633,"Edge of Tomorrow (2014)"
634,"Edge, The (1997)"
635,"EDtv (1999)"
636,"Edward Scissorhands (1990)"
637,"Eight Men Out (1988)"
638,"Election (1999)"
639,"Elektra (2005)"
640,"Elephant Man, The (1980)"
641,"Elf (2003)"
642,"Elite Squad (Tropa de Elite) (2007)"
643,"Elizabeth (1998)"
644,"Elysium (2013)"
645,"Emma (1996)"
646,"Emperor's New Groove, The (2000)"
647,"Empire of the Sun (1987)"
648,"Empire Records (1995)"
649,"Enchanted (2007)"
650,"Encino Man (1992)"
651,"End of Days (1999)"
652,"Ender's Game (2013)"
653,"Enemy at the Gates (2001)"
654,"Enemy of the State (1998)"
655,"English Patient, The (1996)"
656,"Englishman Who Went Up a Hill But Came Down a Mountain, The (1995)"
657,"Enter the Dragon (1973)"
658,"Entrapment (1999)"
659,"Equilibrium (2002)"
660,"Eragon (2006)"
661,"Eraser (1996)"
662,"Eraserhead (1977)"
663,"Erin Brockovich (2000)"
664,"Escape from L.A. (1996)"
665,"Escape from New York (1981)"
666,"Escape from the Planet of the Apes (1971)"
667,"Eternal Sunshine of the Spotless Mind (2004)"
668,"European Vacation (aka National Lampoon's European Vacation) (1985)"
669,"EuroTrip (2004)"
670,"Evan Almighty (2007)"
671,"Event Horizon (1997)"
672,"Ever After: A Cinderella Story (1998)"
673,"Everyone Says I Love You (1996)"
674,"Everything You Always Wanted to Know About Sex * But Were Afraid to Ask (1972)"
675,"Evil Dead II (Dead by Dawn) (1987)"
676,"Evil Dead, The (1981)"
677,"Evita (1996)"
678,"Evolution (2001)"
679,"Ex Machina (2015)"
680,"Excalibur (1981)"
681,"Executive Decision (1996)"
682,"eXistenZ (1999)"
683,"Exit Through the Gift Shop (2010)"
684,"Exit to Eden (1994)"
685,"Exorcist, The (1973)"
686,"Exotica (1994)"
687,"Expendables 2, The (2012)"
688,"Expendables, The (2010)"
689,"Eyes Wide Shut (1999)"
690,"F/X (1986)"
691,"Face/Off (1997)"
692,"Faculty, The (1998)"
693,"Fahrenheit 451 (1966)"
694,"Fahrenheit 9/11 (2004)"
695,"Fall, The (2006)"
696,"Fallen (1998)"
697,"Falling Down (1993)"
698,"Family Guy Presents Stewie Griffin: The Untold Story (2005)"
699,"Family Man, The (2000)"
700,"Fantasia (1940)"
701,"Fantasia 2000 (1999)"
702,"Fantastic Beasts and Where to Find Them (2016)"
703,"Fantastic Four (2005)"
704,"Fantastic Four: Rise of the Silver Surfer (2007)"
705,"Fantastic Mr. Fox (2009)"
706,"Far and Away (1992)"
707,"Far from Heaven (2002)"
708,"Fargo (1996)"
709,"Fast & Furious (Fast and the Furious 4, The) (2009)"
710,"Fast and the Furious, The (2001)"
711,"Fast and the Furious: Tokyo Drift, The (Fast and the Furious 3, The) (2006)"
712,"Fast Five (Fast and the Furious 5, The) (2011)"
713,"Fast Times at Ridgemont High (1982)"
714,"Fatal Attraction (1987)"
715,"Fatal Instinct (1993)"
716,"Father of the Bride (1950)"
717,"Father of the Bride (1991)"
718,"Father of the Bride Part II (1995)"
719,"Fear and Loathing in Las Vegas (1998)"
720,"Femme Nikita, La (Nikita) (1990)"
721,"Ferris Bueller's Day Off (1986)"
722,"Few Good Men, A (1992)"
723,"Field of Dreams (1989)"
724,"Fifth Element, The (1997)"
725,"Fight Club (1999)"
726,"Fighter, The (2010)"
727,"Final Destination (2000)"
728,"Final Destination 2 (2003)"
729,"Final Fantasy VII: Advent Children (2004)"
730,"Final Fantasy: The Spirits Within (2001)"
731,"Finding Dory (2016)"
732,"Finding Forrester (2000)"
733,"Finding Nemo (2003)"
734,"Finding Neverland (2004)"
735,"Firestarter (1984)"
736,"Firm, The (1993)"
737,"First Blood (Rambo: First Blood) (1982)"
738,"First Knight (1995)"
739,"First Strike (Police Story 4: First Strike) (Ging chaat goo si 4: Ji gaan daan yam mo) (1996)"
740,"First Wives Club, The (1996)"
741,"Fish Called Wanda, A (1988)"
742,"Fisher King, The (1991)"
743,"Fistful of Dollars, A (Per un pugno di dollari) (1964)"
744,"Flags of Our Fathers (2006)"
745,"Flashdance (1983)"
746,"Flatliners (1990)"
747,"Fletch (1985)"
748,"Flight of the Navigator (1986)"
749,"Flightplan (2005)"
750,"Flintstones in Viva Rock Vegas, The (2000)"
751,"Flintstones, The (1994)"
752,"Flipper (1996)"
753,"Flirting With Disaster (1996)"
754,"Flubber (1997)"
755,"Fly Away Home (1996)"
756,"Fly, The (1958)"
757,"Fly, The (1986)"
758,"Focus (2015)"
759,"Fog of War: Eleven Lessons from the Life of Robert S. McNamara, The (2003)"
760,"Fools Rush In (1997)"
761,"Footloose (1984)"
762,"For a Few Dollars More (Per qualche dollaro in più) (1965)"
763,"For Your Eyes Only (1981)"
764,"Forbidden Planet (1956)"
765,"Forever Young (1992)"
766,"Forget Paris (1995)"
767,"Forgetting Sarah Marshall (2008)"
768,"Forrest Gump (1994)"
769,"Fountain, The (2006)"
770,"Four Rooms (1995)"
771,"Four Weddings and a Funeral (1994)"
772,"Fox and the Hound, The (1981)"
773,"Fracture (2007)"
774,"Frailty (2001)"
775,"Frankenstein (1931)"
776,"Freaky Friday (2003)"
777,"Freddy Got Fingered (2001)"
778,"Free Willy (1993)"
779,"Free Willy 2: The Adventure Home (1995)"
780,"French Connection, The (1971)"
781,"French Kiss (1995)"
782,"Frequency (2000)"
783,"Frida (2002)"
784,"Friday (1995)"
785,"Friday the 13th (1980)"
786,"Fried Green Tomatoes (1991)"
787,"Friends with Benefits (2011)"
788,"Fright Night (1985)"
789,"Frighteners, The (1996)"
790,"From Dusk Till Dawn (1996)"
791,"From Hell (2001)"
792,"From Here to Eternity (1953)"
793,"From Russia with Love (1963)"
794,"Frozen (2013)"
795,"Fugitive, The (1993)"
796,"Full Metal Jacket (1987)"
797,"Full Monty, The (1997)"
798,"Fun with Dick and Jane (2005)"
799,"Funny Farm (1988)"
800,"Fury (2014)"
801,"Futurama: Bender's Big Score (2007)"
802,"G.I. Jane (1997)"
803,"Galaxy Quest (1999)"
804,"Game, The (1997)"
805,"Gandhi (1982)"
806,"Gangs of New York (2002)"
807,"Garden State (2004)"
808,"Gattaca (1997)"
809,"General's Daughter, The (1999)"
810,"George of the Jungle (1997)"
811,"Get Him to the Greek (2010)"
812,"Get Out (2017)"
813,"Get Shorty (1995)"
814,"Get Smart (2008)"
815,"Ghost (1990)"
816,"Ghost and the Darkness, The (1996)"
817,"Ghost Dog: The Way of the Samurai (1999)"
818,"Ghost in the Shell (Kôkaku kidôtai) (1995)"
819,"Ghost Rider (2007)"
820,"Ghost World (2001)"
821,"Ghostbusters (a.k.a. Ghost Busters) (1984)"
822,"Ghostbusters II (1989)"
823,"Gift, The (2000)"
824,"Girl Next Door, The (2004)"
825,"Girl Who Leapt Through Time, The (Toki o kakeru shôjo) (2006)"
826,"Girl with a Pearl Earring (2003)"
827,"Girl with the Dragon Tattoo, The (2011)"
828,"Girl with the Dragon Tattoo, The (Män som hatar kvinnor) (2009)"
829,"Girl, Interrupted (1999)"
830,"Gladiator (2000)"
831,"Glengarry Glen Ross (1992)"
832,"Glory (1989)"
833,"Go (1999)"
834,"Godfather, The (1972)"
835,"Godfather: Part II, The (1974)"
836,"Godfather: Part III, The (1990)"
837,"Gods Must Be Crazy, The (1980)"
838,"Godzilla (1998)"
839,"Godzilla (2014)"
840,"Golden Child, The (1986)"
841,"Golden Compass, The (2007)"
842,"GoldenEye (1995)"
843,"Goldfinger (1964)"
844,"Gone Baby Gone (2007)"
845,"Gone Girl (2014)"
846,"Gone in 60 Seconds (2000)"
847,"Gone with the Wind (1939)"
848,"Good bye, Lenin! (2003)"
849,"Good Girl, The (2002)"
850,"Good Morning, Vietnam (1987)"
851,"Good Night, and Good Luck. (2005)"
852,"Good Will Hunting (1997)"
853,"Good, the Bad and the Ugly, The (Buono, il brutto, il cattivo, Il) (1966)"
854,"Goodbye Girl, The (1977)"
855,"Goodfellas (1990)"
856,"Goofy Movie, A (1995)"
857,"Goonies, The (1985)"
858,"Gosford Park (2001)"
859,"Graduate, The (1967)"
860,"Gran Torino (2008)"
861,"Grand Budapest Hotel, The (2014)"
862,"Grand Day Out with Wallace and Gromit, A (1989)"
863,"Grave of the Fireflies (Hotaru no haka) (1988)"
864,"Gravity (2013)"
865,"Grease (1978)"
866,"Grease 2 (1982)"
867,"Great Dictator, The (1940)"
868,"Great Escape, The (1963)"
869,"Great Expectations (1998)"
870,"Great Gatsby, The (2013)"
871,"Great Muppet Caper, The (1981)"
872,"Green Hornet, The (2011)"
873,"Green Lantern (2011)"
874,"Green Mile, The (1999)"
875,"Gremlins (1984)"
876,"Gremlins 2: The New Batch (1990)"
877,"Grifters, The (1990)"
878,"Grindhouse (2007)"
879,"Grosse Pointe Blank (1997)"
880,"Groundhog Day (1993)"
881,"Grown Ups (2010)"
882,"Grudge, The (2004)"
883,"Grumpier Old Men (1995)"
884,"Grumpy Old Men (1993)"
885,"Guardians of the Galaxy (2014)"
886,"Guardians of the Galaxy 2 (2017)"
887,"Guess Who's Coming to Dinner (1967)"
888,"Guns of Navarone, The (1961)"
889,"Hackers (1995)"
890,"Hairspray (1988)"
891,"Hairspray (2007)"
892,"Half Baked (1998)"
893,"Halloween (1978)"
894,"Hamlet (1996)"
895,"Hancock (2008)"
896,"Hangover Part II, The (2011)"
897,"Hangover, The (2009)"
898,"Hanna (2011)"
899,"Hannah and Her Sisters (1986)"
900,"Hannibal (2001)"
901,"Happiness (1998)"
902,"Happy Feet (2006)"
903,"Happy Gilmore (1996)"
904,"Hard Candy (2005)"
905,"Hard Day's Night, A (1964)"
906,"Hard Target (1993)"
907,"Harold & Kumar Escape from Guantanamo Bay (2008)"
908,"Harold and Kumar Go to White Castle (2004)"
909,"Harold and Maude (1971)"
910,"Harriet the Spy (1996)"
911,"Harry and the Hendersons (1987)"
912,"Harry Potter and the Chamber of Secrets (2002)"
913,"Harry Potter and the Deathly Hallows: Part 1 (2010)"
914,"Harry Potter and the Deathly Hallows: Part 2 (2011)"
915,"Harry Potter and the Goblet of Fire (2005)"
916,"Harry Potter and the Half-Blood Prince (2009)"
917,"Harry Potter and the Order of the Phoenix (2007)"
918,"Harry Potter and the Prisoner of Azkaban (2004)"
919,"Harry Potter and the Sorcerer's Stone (a.k.a. Harry Potter and the Philosopher's Stone) (2001)"
920,"Harvey (1950)"
921,"Hate (Haine, La) (1995)"
922,"Haunted Mansion, The (2003)"
923,"Haunting, The (1999)"
924,"He's Just Not That Into You (2009)"
925,"Heartbreak Ridge (1986)"
926,"Heartbreakers (2001)"
927,"Heat (1995)"
928,"Heathers (1989)"
929,"Heaven Can Wait (1978)"
930,"Heavenly Creatures (1994)"
931,"Heavy Metal (1981)"
932,"Hedwig and the Angry Inch (2000)"
933,"Hellboy (2004)"
934,"Hellboy II: The Golden Army (2008)"
935,"Hellraiser (1987)"
936,"Help, The (2011)"
937,"Henry V (1989)"
938,"Her (2013)"
939,"Hercules (1997)"
940,"Hero (Ying xiong) (2002)"
941,"Hidalgo (2004)"
942,"Hidden Figures (2016)"
943,"High Fidelity (2000)"
944,"High Noon (1952)"
945,"High Plains Drifter (1973)"
946,"Highlander (1986)"
947,"Highlander III: The Sorcerer (a.k.a. Highlander: The Final Dimension) (1994)"
948,"His Girl Friday (1940)"
949,"History of the World: Part I (1981)"
950,"History of Violence, A (2005)"
951,"Hitch (2005)"
952,"Hitchhiker's Guide to the Galaxy, The (2005)"
953,"Hobbit: An Unexpected Journey, The (2012)"
954,"Hobbit: The Desolation of Smaug, The (2013)"
955,"Hocus Pocus (1993)"
956,"Holes (2003)"
957,"Holiday, The (2006)"
958,"Hollow Man (2000)"
959,"Home Alone (1990)"
960,"Home Alone 2: Lost in New York (1992)"
961,"Homeward Bound II: Lost in San Francisco (1996)"
962,"Homeward Bound: The Incredible Journey (1993)"
963,"Honey, I Blew Up the Kid (1992)"
964,"Honey, I Shrunk the Kids (1989)"
965,"Hook (1991)"
966,"Hoop Dreams (1994)"
967,"Hoosiers (a.k.a. Best Shot) (1986)"
968,"Horrible Bosses (2011)"
969,"Horrible Bosses 2 (2014)"
970,"Hostage (2005)"
971,"Hostel (2005)"
972,"Hot Fuzz (2007)"
973,"Hot Shots! (1991)"
974,"Hot Shots! Part Deux (1993)"
975,"Hot Tub Time Machine (2010)"
976,"Hotel Rwanda (2004)"
977,"Hotel Transylvania (2012)"
978,"Hours, The (2002)"
979,"House Bunny, The (2008)"
980,"House of Flying Daggers (Shi mian mai fu) (2004)"
981,"House on Haunted Hill (1999)"
982,"Houseguest (1994)"
983,"How the Grinch Stole Christmas (a.k.a. The Grinch) (2000)"
984,"How the Grinch Stole Christmas! (1966)"
985,"How to Lose a Guy in 10 Days (2003)"
986,"How to Make an American Quilt (1995)"
987,"How to Train Your Dragon (2010)"
988,"How to Train Your Dragon 2 (2014)"
989,"Howard the Duck (1986)"
990,"Howards End (1992)"
991,"Howl's Moving Castle (Hauru no ugoku shiro) (2004)"
992,"Hudsucker Proxy, The (1994)"
993,"Hugo (2011)"
994,"Hulk (2003)"
995,"Hunchback of Notre Dame, The (1996)"
996,"Hunt for Red October, The (1990)"
997,"Hunt, The (Jagten) (2012)"
998,"Hurricane, The (1999)"
999,"Hurt Locker, The (2008)"
1000,"Hustler, The (1961)"
1001,"I Am Legend (2007)"
1002,"I Am Sam (2001)"
1003,"I Heart Huckabees (2004)"
1004,"I Know What You Did Last Summer (1997)"
1005,"I Love You, Man (2009)"
1006,"I Now Pronounce You Chuck and Larry (2007)"
1007,"I Still Know What You Did Last Summer (1998)"
1008,"I, Robot (2004)"
1009,"I.Q. (1994)"
1010,"Ice Age (2002)"
1011,"Ice Age 2: The Meltdown (2006)"
1012,"Ice Age: Dawn of the Dinosaurs (2009)"
1013,"Ice Storm, The (1997)"
1014,"Ideal Husband, An (1999)"
1015,"Identity (2003)"
1016,"Idiocracy (2006)"
1017,"Idle Hands (1999)"
1018,"Igby Goes Down (2002)"
1019,"Illusionist, The (2006)"
1020,"Imaginarium of Doctor Parnassus, The (2009)"
1021,"Immortal Beloved (1994)"
1022,"Importance of Being Earnest, The (2002)"
1023,"In & Out (1997)"
1024,"In Bruges (2008)"
1025,"In Good Company (2004)"
1026,"In the Bedroom (2001)"
1027,"In the Heat of the Night (1967)"
1028,"In the Line of Fire (1993)"
1029,"In the Mood For Love (Fa yeung nin wa) (2000)"
1030,"In the Name of the Father (1993)"
1031,"In Time (2011)"
1032,"Inception (2010)"
1033,"Inconvenient Truth, An (2006)"
1034,"Incredible Hulk, The (2008)"
1035,"Incredibles, The (2004)"
1036,"Independence Day (a.k.a. ID4) (1996)"
1037,"Indian in the Cupboard, The (1995)"
1038,"Indiana Jones and the Kingdom of the Crystal Skull (2008)"
1039,"Indiana Jones and the Last Crusade (1989)"
1040,"Indiana Jones and the Temple of Doom (1984)"
1041,"Inglourious Basterds (2009)"
1042,"Innerspace (1987)"
1043,"Inside Job (2010)"
1044,"Inside Man (2006)"
1045,"Inside Out (2015)"
1046,"Insider, The (1999)"
1047,"Insomnia (2002)"
1048,"Inspector Gadget (1999)"
1049,"Internship, The (2013)"
1050,"Interstellar (2014)"
1051,"Interview with the Vampire: The Vampire Chronicles (1994)"
1052,"Into the Wild (2007)"
1053,"Intolerable Cruelty (2003)"
1054,"Intouchables (2011)"
1055,"Invasion of the Body Snatchers (1956)"
1056,"Ip Man (2008)"
1057,"Iron Giant, The (1999)"
1058,"Iron Man (2008)"
1059,"Iron Man 2 (2010)"
1060,"Iron Man 3 (2013)"
1061,"Island of Dr. Moreau, The (1996)"
1062,"Island, The (2005)"
1063,"It Could Happen to You (1994)"
1064,"It Happened One Night (1934)"
1065,"It's a Mad, Mad, Mad, Mad World (1963)"
1066,"It's a Wonderful Life (1946)"
1067,"Italian Job, The (1969)"
1068,"Italian Job, The (2003)"
1069,"Jack (1996)"
1070,"Jack Reacher (2012)"
1071,"Jackal, The (1997)"
1072,"Jackass: The Movie (2002)"
1073,"Jackie Brown (1997)"
1074,"Jacob's Ladder (1990)"
1075,"James and the Giant Peach (1996)"
1076,"Jarhead (2005)"
1077,"Jaws (1975)"
1078,"Jaws 2 (1978)"
1079,"Jay and Silent Bob Strike Back (2001)"
1080,"Jean de Florette (1986)"
1081,"Jerk, The (1979)"
1082,"Jerry Maguire (1996)"
1083,"Jewel of the Nile, The (1985)"
1084,"JFK (1991)"
1085,"Jingle All the Way (1996)"
1086,"Joe Dirt (2001)"
1087,"John Carter (2012)"
1088,"John Q (2002)"
1089,"John Wick (2014)"
1090,"Johnny English (2003)"
1091,"Johnny Mnemonic (1995)"
1092,"Joy Luck Club, The (1993)"
1093,"Judge Dredd (1995)"
1094,"Julie & Julia (2009)"
1095,"Jumanji (1995)"
1096,"Jumper (2008)"
1097,"Jumpin' Jack Flash (1986)"
1098,"Jungle Book, The (1967)"
1099,"Jungle Book, The (1994)"
1100,"Jungle2Jungle (a.k.a. Jungle 2 Jungle) (1997)"
1101,"Junior (1994)"
1102,"Juno (2007)"
1103,"Jurassic Park (1993)"
1104,"Jurassic Park III (2001)"
1105,"Jurassic World (2015)"
1106,"Juror, The (1996)"
1107,"Jury Duty (1995)"
1108,"Just Cause (1995)"
1109,"K-PAX (2001)"
1110,"Kalifornia (1993)"
1111,"Karate Kid, Part II, The (1986)"
1112,"Karate Kid, Part III, The (1989)"
1113,"Karate Kid, The (1984)"
1114,"Kate & Leopold (2001)"
1115,"Kazaam (1996)"
1116,"Keeping the Faith (2000)"
1117,"Kelly's Heroes (1970)"
1118,"Key Largo (1948)"
1119,"Kick-Ass (2010)"
1120,"Kick-Ass 2 (2013)"
1121,"Kid in King Arthur's Court, A (1995)"
1122,"Kid, The (2000)"
1123,"Kids (1995)"
1124,"Kids in the Hall: Brain Candy (1996)"
1125,"Kiki's Delivery Service (Majo no takkyûbin) (1989)"
1126,"Kill Bill: Vol. 1 (2003)"
1127,"Kill Bill: Vol. 2 (2004)"
1128,"Killer, The (Die xue shuang xiong) (1989)"
1129,"Killing Fields, The (1984)"
1130,"Kindergarten Cop (1990)"
1131,"King and I, The (1956)"
1132,"King Arthur (2004)"
1133,"King Kong (1933)"
1134,"King Kong (1976)"
1135,"King Kong (2005)"
1136,"King of Kong, The (2007)"
1137,"King's Speech, The (2010)"
1138,"Kingdom of Heaven (2005)"
1139,"Kingpin (1996)"
1140,"Kingsman: The Secret Service (2015)"
1141,"Kiss Kiss Bang Bang (2005)"
1142,"Kiss the Girls (1997)"
1143,"Knight's Tale, A (2001)"
1144,"Knocked Up (2007)"
1145,"Koyaanisqatsi (a.k.a. Koyaanisqatsi: Life Out of Balance) (1983)"
1146,"Kramer vs. Kramer (1979)"
1147,"Kung Fu Hustle (Gong fu) (2004)"
1148,"Kung Fu Panda (2008)"
1149,"Kung Fu Panda 2 (2011)"
1150,"L.A. Confidential (1997)"
1151,"L.A. Story (1991)"
1152,"Labyrinth (1986)"
1153,"Lady and the Tramp (1955)"
1154,"Ladyhawke (1985)"
1155,"Ladykillers, The (2004)"
1156,"Lake House, The (2006)"
1157,"Lake Placid (1999)"
1158,"Laputa: Castle in the Sky (Tenkû no shiro Rapyuta) (1986)"
1159,"Lara Croft Tomb Raider: The Cradle of Life (2003)"
1160,"Lara Croft: Tomb Raider (2001)"
1161,"Last Action Hero (1993)"
1162,"Last Emperor, The (1987)"
1163,"Last King of Scotland, The (2006)"
1164,"Last Man Standing (1996)"
1165,"Last of the Mohicans, The (1992)"
1166,"Last Samurai, The (2003)"
1167,"Lawnmower Man, The (1992)"
1168,"Lawrence of Arabia (1962)"
1169,"Layer Cake (2004)"
1170,"League of Extraordinary Gentlemen, The (a.k.a. LXG) (2003)"
1171,"League of Their Own, A (1992)"
1172,"Leaving Las Vegas (1995)"
1173,"Legally Blonde (2001)"
1174,"Legally Blonde 2: Red, White & Blonde (2003)"
1175,"Legend (1985)"
1176,"Legend of Bagger Vance, The (2000)"
1177,"Legend of Drunken Master, The (Jui kuen II) (1994)"
1178,"Legends of the Fall (1994)"
1179,"Lemony Snicket's A Series of Unfortunate Events (2004)"
1180,"Léon: The Professional (a.k.a. The Professional) (Léon) (1994)"
1181,"Let the Right One In (Låt den rätte komma in) (2008)"
1182,"Lethal Weapon (1987)"
1183,"Lethal Weapon 2 (1989)"
1184,"Lethal Weapon 3 (1992)"
1185,"Lethal Weapon 4 (1998)"
1186,"Letters from Iwo Jima (2006)"
1187,"Liar Liar (1997)"
1188,"Licence to Kill (1989)"
1189,"Life Aquatic with Steve Zissou, The (2004)"
1190,"Life Is Beautiful (La Vita è bella) (1997)"
1191,"Life of Pi (2012)"
1192,"Like Water for Chocolate (Como agua para chocolate) (1992)"
1193,"Lilo & Stitch (2002)"
1194,"Limey, The (1999)"
1195,"Limitless (2011)"
1196,"Lincoln Lawyer, The (2011)"
1197,"Lion King, The (1994)"
1198,"Little Big Man (1970)"
1199,"Little Man Tate (1991)"
1200,"Little Mermaid, The (1989)"
1201,"Little Miss Sunshine (2006)"
1202,"Little Nicky (2000)"
1203,"Little Princess, A (1995)"
1204,"Little Rascals, The (1994)"
1205,"Little Shop of Horrors (1986)"
1206,"Little Women (1994)"
1207,"Live and Let Die (1973)"
1208,"Live Free or Die Hard (2007)"
1209,"Lives of Others, The (Das leben der Anderen) (2006)"
1210,"Living Daylights, The (1987)"
1211,"Living in Oblivion (1995)"
1212,"Lock, Stock & Two Smoking Barrels (1998)"
1213,"Logan (2017)"
1214,"Logan's Run (1976)"
1215,"Lone Star (1996)"
1216,"Long Kiss Goodnight, The (1996)"
1217,"Longest Day, The (1962)"
1218,"Look Who's Talking (1989)"
1219,"Looper (2012)"
1220,"Lord of the Flies (1963)"
1221,"Lord of the Rings, The (1978)"
1222,"Lord of the Rings: The Fellowship of the Ring, The (2001)"
1223,"Lord of the Rings: The Return of the King, The (2003)"
1224,"Lord of the Rings: The Two Towers, The (2002)"
1225,"Lord of War (2005)"
1226,"Loser (2000)"
1227,"Lost Boys, The (1987)"
1228,"Lost Highway (1997)"
1229,"Lost in Space (1998)"
1230,"Lost in Translation (2003)"
1231,"Lost World: Jurassic Park, The (1997)"
1232,"Louis C.K.: Live at the Beacon Theater (2011)"
1233,"Love Actually (2003)"
1234,"Lucky Number Slevin (2006)"
1235,"Lucy (2014)"
1236,"M (1931)"
1237,"M*A*S*H (a.k.a. MASH) (1970)"
1238,"Machete (2010)"
1239,"Mad Max (1979)"
1240,"Mad Max Beyond Thunderdome (1985)"
1241,"Mad Max: Fury Road (2015)"
1242,"Madagascar (2005)"
1243,"Madagascar: Escape 2 Africa (2008)"
1244,"Made in America (1993)"
1245,"Madness of King George, The (1994)"
1246,"Magnificent Seven, The (1960)"
1247,"Magnolia (1999)"
1248,"Maid in Manhattan (2002)"
1249,"Majestic, The (2001)"
1250,"Major League (1989)"
1251,"Major Payne (1995)"
1252,"Malcolm X (1992)"
1253,"Maleficent (2014)"
1254,"Malice (1993)"
1255,"Mallrats (1995)"
1256,"Maltese Falcon, The (1941)"
1257,"Maltese Falcon, The (a.k.a. Dangerous Female) (1931)"
1258,"Mamma Mia! (2008)"
1259,"Man in the Iron Mask, The (1998)"
1260,"Man of Steel (2013)"
1261,"Man on Fire (2004)"
1262,"Man on the Moon (1999)"
1263,"Man Who Wasn't There, The (2001)"
1264,"Man Who Would Be King, The (1975)"
1265,"Man with the Golden Gun, The (1974)"
1266,"Man with Two Brains, The (1983)"
1267,"Man Without a Face, The (1993)"
1268,"Manchurian Candidate, The (1962)"
1269,"Manchurian Candidate, The (2004)"
1270,"Manhattan (1979)"
1271,"Manhattan Murder Mystery (1993)"
1272,"Marathon Man (1976)"
1273,"March of the Penguins (Marche de l'empereur, La) (2005)"
1274,"Mariachi, El (1992)"
1275,"Marie Antoinette (2006)"
1276,"Marley & Me (2008)"
1277,"Married to the Mob (1988)"
1278,"Mars Attacks! (1996)"
1279,"Mary and Max (2009)"
1280,"Mary Poppins (1964)"
1281,"Mary Shelley's Frankenstein (Frankenstein) (1994)"
1282,"Mask of Zorro, The (1998)"
1283,"Mask, The (1994)"
1284,"Master and Commander: The Far Side of the World (2003)"
1285,"Match Point (2005)"
1286,"Matchstick Men (2003)"
1287,"Matilda (1996)"
1288,"Matrix Reloaded, The (2003)"
1289,"Matrix Revolutions, The (2003)"
1290,"Matrix, The (1999)"
1291,"Maverick (1994)"
1292,"Maze Runner, The (2014)"
1293,"Me, Myself & Irene (2000)"
1294,"Mean Girls (2004)"
1295,"Medicine Man (1992)"
1296,"Meet Joe Black (1998)"
1297,"Meet Me in St. Louis (1944)"
1298,"Meet the Fockers (2004)"
1299,"Meet the Parents (2000)"
1300,"Meet the Robinsons (2007)"
1301,"Megamind (2010)"
1302,"Memento (2000)"
1303,"Memoirs of a Geisha (2005)"
1304,"Men in Black (a.k.a. MIB) (1997)"
1305,"Men in Black II (a.k.a. MIIB) (a.k.a. MIB 2) (2002)"
1306,"Men in Black III (M.III.B.) (M.I.B.³) (2012)"
1307,"Men of Honor (2000)"
1308,"Menace II Society (1993)"
1309,"Mercury Rising (1998)"
1310,"Messenger: The Story of Joan of Arc, The (1999)"
1311,"Metropolis (1927)"
1312,"Metropolis (2001)"
1313,"Mexican, The (2001)"
1314,"Miami Vice (2006)"
1315,"Michael (1996)"
1316,"Michael Clayton (2007)"
1317,"Michael Collins (1996)"
1318,"Mickey Blue Eyes (1999)"
1319,"Midnight Cowboy (1969)"
1320,"Midnight in Paris (2011)"
1321,"Midnight in the Garden of Good and Evil (1997)"
1322,"Midnight Run (1988)"
1323,"Mighty Aphrodite (1995)"
1324,"Mighty Ducks, The (1992)"
1325,"Mighty Morphin Power Rangers: The Movie (1995)"
1326,"Mighty Wind, A (2003)"
1327,"Milk (2008)"
1328,"Milk Money (1994)"
1329,"Miller's Crossing (1990)"
1330,"Million Dollar Baby (2004)"
1331,"Mimic (1997)"
1332,"Minions (2015)"
1333,"Minority Report (2002)"
1334,"Miracle (2004)"
1335,"Miracle on 34th Street (1947)"
1336,"Miracle on 34th Street (1994)"
1337,"Misérables, Les (1995)"
1338,"Misérables, Les (1998)"
1339,"Misery (1990)"
1340,"Miss Congeniality (2000)"
1341,"Mission to Mars (2000)"
1342,"Mission: Impossible - Ghost Protocol (2011)"
1343,"Mission: Impossible - Rogue Nation (2015)"
1344,"Mission: Impossible (1996)"
1345,"Mission: Impossible II (2000)"
1346,"Mission: Impossible III (2006)"
1347,"Mississippi Burning (1988)"
1348,"Mist, The (2007)"
1349,"Mister Roberts (1955)"
1350,"Moana (2016)"
1351,"Modern Times (1936)"
1352,"Mona Lisa Smile (2003)"
1353,"Money Pit, The (1986)"
1354,"Money Train (1995)"
1355,"Moneyball (2011)"
1356,"Monsoon Wedding (2001)"
1357,"Monster (2003)"
1358,"Monster's Ball (2001)"
1359,"Monsters University (2013)"
1360,"Monsters, Inc. (2001)"
1361,"Monty Python and the Holy Grail (1975)"
1362,"Monty Python's And Now for Something Completely Different (1971)"
1363,"Monty Python's Life of Brian (1979)"
1364,"Monty Python's The Meaning of Life (1983)"
1365,"Moon (2009)"
1366,"Moonraker (1979)"
1367,"Moonrise Kingdom (2012)"
1368,"Moonstruck (1987)"
1369,"Mortal Kombat (1995)"
1370,"Mosquito Coast, The (1986)"
1371,"Mothman Prophecies, The (2002)"
1372,"Motorcycle Diaries, The (Diarios de motocicleta) (2004)"
1373,"Moulin Rouge (2001)"
1374,"Mr. & Mrs. Smith (2005)"
1375,"Mr. Deeds (2002)"
1376,"Mr. Holland's Opus (1995)"
1377,"Mr. Mom (1983)"
1378,"Mr. Smith Goes to Washington (1939)"
1379,"Mrs. Doubtfire (1993)"
1380,"Much Ado About Nothing (1993)"
1381,"Mulan (1998)"
1382,"Mulholland Drive (2001)"
1383,"Mulholland Falls (1996)"
1384,"Multiplicity (1996)"
1385,"Mummy Returns, The (2001)"
1386,"Mummy, The (1999)"
1387,"Munich (2005)"
1388,"Muppet Christmas Carol, The (1992)"
1389,"Muppet Movie, The (1979)"
1390,"Muppet Treasure Island (1996)"
1391,"Muppets Take Manhattan, The (1984)"
1392,"Muppets, The (2011)"
1393,"Murder in the First (1995)"
1394,"Muriel's Wedding (1994)"
1395,"Music and Lyrics (2007)"
1396,"My Best Friend's Wedding (1997)"
1397,"My Big Fat Greek Wedding (2002)"
1398,"My Blue Heaven (1990)"
1399,"My Cousin Vinny (1992)"
1400,"My Dog Skip (1999)"
1401,"My Fair Lady (1964)"
1402,"My Girl (1991)"
1403,"My Left Foot (1989)"
1404,"My Neighbor Totoro (Tonari no Totoro) (1988)"
1405,"Mystery Men (1999)"
1406,"Mystery Science Theater 3000: The Movie (1996)"
1407,"Mystic River (2003)"
1408,"Nacho Libre (2006)"
1409,"Naked Gun 2 1/2: The Smell of Fear, The (1991)"
1410,"Naked Gun 33 1/3: The Final Insult (1994)"
1411,"Naked Gun: From the Files of Police Squad!, The (1988)"
1412,"Name of the Rose, The (Name der Rose, Der) (1986)"
1413,"Napoleon Dynamite (2004)"
1414,"National Lampoon's Vacation (1983)"
1415,"National Lampoon's Van Wilder (2002)"
1416,"National Treasure (2004)"
1417,"National Treasure: Book of Secrets (2007)"
1418,"Natural Born Killers (1994)"
1419,"Natural, The (1984)"
1420,"Nausicaä of the Valley of the Wind (Kaze no tani no Naushika) (1984)"
1421,"Negotiator, The (1998)"
1422,"Neighbors (2014)"
1423,"Nell (1994)"
1424,"Net, The (1995)"
1425,"Network (1976)"
1426,"Never Been Kissed (1999)"
1427,"NeverEnding Story, The (1984)"
1428,"Next (2007)"
1429,"Next Karate Kid, The (1994)"
1430,"Nick and Norah's Infinite Playlist (2008)"
1431,"Nick of Time (1995)"
1432,"Night at the Museum (2006)"
1433,"Night at the Museum: Battle of the Smithsonian (2009)"
1434,"Night at the Roxbury, A (1998)"
1435,"Night of the Living Dead (1968)"
1436,"Night Shift (1982)"
1437,"Nightcrawler (2014)"
1438,"Nightmare Before Christmas, The (1993)"
1439,"Nightmare on Elm Street 2: Freddy's Revenge, A (1985)"
1440,"Nightmare on Elm Street 3: Dream Warriors, A (1987)"
1441,"Nightmare on Elm Street, A (1984)"
1442,"Nine Months (1995)"
1443,"Nine to Five (a.k.a. 9 to 5) (1980)"
1444,"Ninja Scroll (Jûbei ninpûchô) (1995)"
1445,"Ninth Gate, The (1999)"
1446,"Nixon (1995)"
1447,"No Country for Old Men (2007)"
1448,"No Man's Land (2001)"
1449,"No Strings Attached (2011)"
1450,"Nobody's Fool (1994)"
1451,"North by Northwest (1959)"
1452,"Nosferatu (Nosferatu, eine Symphonie des Grauens) (1922)"
1453,"Not Another Teen Movie (2001)"
1454,"Notebook, The (2004)"
1455,"Notorious (1946)"
1456,"Notting Hill (1999)"
1457,"Now You See Me (2013)"
1458,"Now You See Me 2 (2016)"
1459,"Number 23, The (2007)"
1460,"Nurse Betty (2000)"
1461,"Nutty Professor II: The Klumps (2000)"
1462,"Nutty Professor, The (1963)"
1463,"Nutty Professor, The (1996)"
1464,"O Brother, Where Art Thou? (2000)"
1465,"Oblivion (2013)"
1466,"Ocean's Eleven (2001)"
1467,"Ocean's Eleven (a.k.a. Ocean's 11) (1960)"
1468,"Ocean's Thirteen (2007)"
1469,"Ocean's Twelve (2004)"
1470,"October Sky (1999)"
1471,"Odd Couple, The (1968)"
1472,"Of Mice and Men (1992)"
1473,"Office Space (1999)"
1474,"Officer and a Gentleman, An (1982)"
1475,"Old Boy (2003)"
1476,"Old School (2003)"
1477,"Oliver & Company (1988)"
1478,"Omen, The (1976)"
1479,"On Golden Pond (1981)"
1480,"On Her Majesty's Secret Service (1969)"
1481,"On the Waterfront (1954)"
1482,"Once Upon a Time in America (1984)"
1483,"Once Upon a Time in Mexico (2003)"
1484,"Once Upon a Time in the West (C'era una volta il West) (1968)"
1485,"Once Were Warriors (1994)"
1486,"One Fine Day (1996)"
1487,"One Flew Over the Cuckoo's Nest (1975)"
1488,"One Hour Photo (2002)"
1489,"One, The (2001)"
1490,"Ong-Bak: The Thai Warrior (Ong Bak) (2003)"
1491,"Open Your Eyes (Abre los ojos) (1997)"
1492,"Opposite of Sex, The (1998)"
1493,"Orange County (2002)"
1494,"Ordinary People (1980)"
1495,"Orgazmo (1997)"
1496,"Othello (1995)"
1497,"Other Guys, The (2010)"
1498,"Others, The (2001)"
1499,"Out of Africa (1985)"
1500,"Out of Sight (1998)"
1501,"Outbreak (1995)"
1502,"Outlaw Josey Wales, The (1976)"
1503,"Outsiders, The (1983)"
1504,"Over the Hedge (2006)"
1505,"P.S. I Love You (2007)"
1506,"Pacific Heights (1990)"
1507,"Pacific Rim (2013)"
1508,"Pan's Labyrinth (Laberinto del fauno, El) (2006)"
1509,"Panic Room (2002)"
1510,"Paper, The (1994)"
1511,"Papillon (1973)"
1512,"Parent Trap, The (1961)"
1513,"Parent Trap, The (1998)"
1514,"Parenthood (1989)"
1515,"Passion of the Christ, The (2004)"
1516,"Patch Adams (1998)"
1517,"Paths of Glory (1957)"
1518,"Patriot Games (1992)"
1519,"Patriot, The (2000)"
1520,"Patton (1970)"
1521,"Paul (2011)"
1522,"Pay It Forward (2000)"
1523,"Payback (1999)"
1524,"Paycheck (2003)"
1525,"Peacemaker, The (1997)"
1526,"Pearl Harbor (2001)"
1527,"Pee-wee's Big Adventure (1985)"
1528,"Pelican Brief, The (1993)"
1529,"People vs. Larry Flynt, The (1996)"
1530,"Perfect Murder, A (1998)"
1531,"Perfect Storm, The (2000)"
1532,"Perfect World, A (1993)"
1533,"Perks of Being a Wallflower, The (2012)"
1534,"Persepolis (2007)"
1535,"Persuasion (1995)"
1536,"Pet Sematary (1989)"
1537,"Pete's Dragon (1977)"
1538,"Peter Pan (1953)"
1539,"Phantasm (1979)"
1540,"Phantom of the Opera, The (2004)"
1541,"Phantom, The (1996)"
1542,"Phenomenon (1996)"
1543,"Philadelphia (1993)"
1544,"Philadelphia Story, The (1940)"
1545,"Phone Booth (2002)"
1546,"Pi (1998)"
1547,"Pianist, The (2002)"
1548,"Piano, The (1993)"
1549,"Pineapple Express (2008)"
1550,"Pink Flamingos (1972)"
1551,"Pink Floyd: The Wall (1982)"
1552,"Pink Panther, The (1963)"
1553,"Pinocchio (1940)"
1554,"Pirates of the Caribbean: At World's End (2007)"
1555,"Pirates of the Caribbean: Dead Man's Chest (2006)"
1556,"Pirates of the Caribbean: On Stranger Tides (2011)"
1557,"Pirates of the Caribbean: The Curse of the Black Pearl (2003)"
1558,"Pitch Black (2000)"
1559,"Pitch Perfect (2012)"
1560,"Planes, Trains & Automobiles (1987)"
1561,"Planet of the Apes (1968)"
1562,"Planet of the Apes (2001)"
1563,"Planet Terror (2007)"
1564,"Platoon (1986)"
1565,"Player, The (1992)"
1566,"Pleasantville (1998)"
1567,"Pocahontas (1995)"
1568,"Point Break (1991)"
1569,"Polar Express, The (2004)"
1570,"Police Academy (1984)"
1571,"Police Academy 2: Their First Assignment (1985)"
1572,"Police Academy 3: Back in Training (1986)"
1573,"Pollock (2000)"
1574,"Poltergeist (1982)"
1575,"Ponyo (Gake no ue no Ponyo) (2008)"
1576,"Popeye (1980)"
1577,"Porco Rosso (Crimson Pig) (Kurenai no buta) (1992)"
1578,"Porky's (1982)"
1579,"Poseidon Adventure, The (1972)"
1580,"Postman, The (1997)"
1581,"Postman, The (Postino, Il) (1994)"
1582,"Powder (1995)"
1583,"Predator (1987)"
1584,"Predator 2 (1990)"
1585,"Predators (2010)"
1586,"Predestination (2014)"
1587,"Prestige, The (2006)"
1588,"Pretty in Pink (1986)"
1589,"Pretty Woman (1990)"
1590,"Pride & Prejudice (2005)"
1591,"Primal Fear (1996)"
1592,"Primary Colors (1998)"
1593,"Primer (2004)"
1594,"Prince of Egypt, The (1998)"
1595,"Prince of Persia: The Sands of Time (2010)"
1596,"Princess and the Frog, The (2009)"
1597,"Princess Bride, The (1987)"
1598,"Princess Diaries, The (2001)"
1599,"Princess Mononoke (Mononoke-hime) (1997)"
1600,"Prisoners (2013)"
1601,"Private Benjamin (1980)"
1602,"Private Parts (1997)"
1603,"Problem Child (1990)"
1604,"Producers, The (1968)"
1605,"Professional, The (Le professionnel) (1981)"
1606,"Prometheus (2012)"
1607,"Proof of Life (2000)"
1608,"Prophecy, The (1995)"
1609,"Proposal, The (2009)"
1610,"Psycho (1960)"
1611,"Pulp Fiction (1994)"
1612,"Punch-Drunk Love (2002)"
1613,"Punisher, The (2004)"
1614,"Purple Rose of Cairo, The (1985)"
1615,"Pursuit of Happyness, The (2006)"
1616,"Pushing Tin (1999)"
1617,"Quantum of Solace (2008)"
1618,"Queen of the Damned (2002)"
1619,"Quick and the Dead, The (1995)"
1620,"Quiz Show (1994)"
1621,"Raging Bull (1980)"
1622,"Raiders of the Lost Ark (Indiana Jones and the Raiders of the Lost Ark) (1981)"
1623,"Rain Man (1988)"
1624,"Rainmaker, The (1997)"
1625,"Raising Arizona (1987)"
1626,"Rambo III (1988)"
1627,"Rambo: First Blood Part II (1985)"
1628,"Ran (1985)"
1629,"Rango (2011)"
1630,"Ransom (1996)"
1631,"Rashomon (Rashômon) (1950)"
1632,"Rat Race (2001)"
1633,"Ratatouille (2007)"
1634,"Ray (2004)"
1635,"Re-Animator (1985)"
1636,"Real Genius (1985)"
1637,"Reality Bites (1994)"
1638,"Rear Window (1954)"
1639,"Rebecca (1940)"
1640,"Rebel Without a Cause (1955)"
1641,"Recruit, The (2003)"
1642,"Red (2010)"
1643,"Red Dawn (1984)"
1644,"Red Dragon (2002)"
1645,"Red Planet (2000)"
1646,"Red Rock West (1992)"
1647,"Red Violin, The (Violon rouge, Le) (1998)"
1648,"Ref, The (1994)"
1649,"Reign of Fire (2002)"
1650,"Reindeer Games (2000)"
1651,"Remains of the Day, The (1993)"
1652,"Remember the Titans (2000)"
1653,"Renaissance Man (1994)"
1654,"Rent (2005)"
1655,"Replacement Killers, The (1998)"
1656,"Replacements, The (2000)"
1657,"Repo Man (1984)"
1658,"Requiem for a Dream (2000)"
1659,"Rescuers Down Under, The (1990)"
1660,"Rescuers, The (1977)"
1661,"Reservoir Dogs (1992)"
1662,"Resident Evil (2002)"
1663,"Resident Evil: Apocalypse (2004)"
1664,"Resident Evil: Extinction (2007)"
1665,"Return of the Pink Panther, The (1975)"
1666,"Revenge of the Nerds (1984)"
1667,"Richard III (1995)"
1668,"Richie Rich (1994)"
1669,"Right Stuff, The (1983)"
1670,"Ring, The (2002)"
1671,"Ringu (Ring) (1998)"
1672,"Rise of the Guardians (2012)"
1673,"Rise of the Planet of the Apes (2011)"
1674,"Risky Business (1983)"
1675,"River Runs Through It, A (1992)"
1676,"River Wild, The (1994)"
1677,"Road to El Dorado, The (2000)"
1678,"Road to Perdition (2002)"
1679,"Road Trip (2000)"
1680,"Road Warrior, The (Mad Max 2) (1981)"
1681,"Rob Roy (1995)"
1682,"Robin Hood (1973)"
1683,"Robin Hood: Men in Tights (1993)"
1684,"Robin Hood: Prince of Thieves (1991)"
1685,"RoboCop (1987)"
1686,"RoboCop 2 (1990)"
1687,"RoboCop 3 (1993)"
1688,"Robots (2005)"
1689,"Rock, The (1996)"
1690,"Rocketeer, The (1991)"
1691,"RocknRolla (2008)"
1692,"Rocky (1976)"
1693,"Rocky Balboa (2006)"
1694,"Rocky Horror Picture Show, The (1975)"
1695,"Rocky II (1979)"
1696,"Rocky III (1982)"
1697,"Rocky IV (1985)"
1698,"Rocky V (1990)"
1699,"Roger & Me (1989)"
1700,"Rogue One: A Star Wars Story (2016)"
1701,"Role Models (2008)"
1702,"Roman Holiday (1953)"
1703,"Romancing the Stone (1984)"
1704,"Romeo and Juliet (1968)"
1705,"Romeo Must Die (2000)"
1706,"Romy and Michele's High School Reunion (1997)"
1707,"Ronin (1998)"
1708,"Rookie, The (2002)"
1709,"Room with a View, A (1986)"
1710,"Rope (1948)"
1711,"Rosemary's Baby (1968)"
1712,"Rosencrantz and Guildenstern Are Dead (1990)"
1713,"Rounders (1998)"
1714,"Roxanne (1987)"
1715,"Royal Tenenbaums, The (2001)"
1716,"Rudy (1993)"
1717,"Rumble in the Bronx (Hont faan kui) (1995)"
1718,"Run Lola Run (Lola rennt) (1998)"
1719,"Runaway Bride (1999)"
1720,"Runaway Jury (2003)"
1721,"Rundown, The (2003)"
1722,"Running Man, The (1987)"
1723,"Rush (2013)"
1724,"Rush Hour (1998)"
1725,"Rush Hour 2 (2001)"
1726,"Rushmore (1998)"
1727,"Ruthless People (1986)"
1728,"S.W.A.T. (2003)"
1729,"Sabrina (1954)"
1730,"Sabrina (1995)"
1731,"Saint, The (1997)"
1732,"Salt (2010)"
1733,"Salton Sea, The (2002)"
1734,"Sandlot, The (1993)"
1735,"Santa Clause, The (1994)"
1736,"Saturday Night Fever (1977)"
1737,"Save the Last Dance (2001)"
1738,"Saved! (2004)"
1739,"Saving Grace (2000)"
1740,"Saving Private Ryan (1998)"
1741,"Saving Silverman (Evil Woman) (2001)"
1742,"Saw (2004)"
1743,"Saw II (2005)"
1744,"Saw III (2006)"
1745,"Say Anything... (1989)"
1746,"Scanner Darkly, A (2006)"
1747,"Scarface (1983)"
1748,"Scary Movie (2000)"
1749,"Scary Movie 2 (2001)"
1750,"Scary Movie 3 (2003)"
1751,"Scary Movie 4 (2006)"
1752,"Scent of a Woman (1992)"
1753,"Schindler's List (1993)"
1754,"School of Rock (2003)"
1755,"Science of Sleep, The (La science des rêves) (2006)"
1756,"Scooby-Doo (2002)"
1757,"Score, The (2001)"
1758,"Scott Pilgrim vs. the World (2010)"
1759,"Scream (1996)"
1760,"Scream 2 (1997)"
1761,"Scream 3 (2000)"
1762,"Screamers (1995)"
1763,"Scrooged (1988)"
1764,"Seabiscuit (2003)"
1765,"Searching for Bobby Fischer (1993)"
1766,"Secondhand Lions (2003)"
1767,"Secret Garden, The (1993)"
1768,"Secret Life of Walter Mitty, The (2013)"
1769,"Secret of NIMH, The (1982)"
1770,"Secret of Roan Inish, The (1994)"
1771,"Secret Window (2004)"
1772,"Secretary (2002)"
1773,"Secrets & Lies (1996)"
1774,"Semi-Pro (2008)"
1775,"Sense and Sensibility (1995)"
1776,"Serendipity (2001)"
1777,"Serenity (2005)"
1778,"Serial Mom (1994)"
1779,"Serious Man, A (2009)"
1780,"Serpico (1973)"
1781,"Seven (a.k.a. Se7en) (1995)"
1782,"Seven Pounds (2008)"
1783,"Seven Psychopaths (2012)"
1784,"Seven Samurai (Shichinin no samurai) (1954)"
1785,"Seven Years in Tibet (1997)"
1786,"Seventh Seal, The (Sjunde inseglet, Det) (1957)"
1787,"Sex and the City (2008)"
1788,"Sex, Lies, and Videotape (1989)"
1789,"Sexy Beast (2000)"
1790,"Sgt. Bilko (1996)"
1791,"Shadow of the Vampire (2000)"
1792,"Shadow, The (1994)"
1793,"Shadowlands (1993)"
1794,"Shaft (2000)"
1795,"Shakespeare in Love (1998)"
1796,"Shall We Dance? (Shall We Dansu?) (1996)"
1797,"Shallow Grave (1994)"
1798,"Shallow Hal (2001)"
1799,"Shanghai Knights (2003)"
1800,"Shanghai Noon (2000)"
1801,"Shaolin Soccer (Siu lam juk kau) (2001)"
1802,"Shark Tale (2004)"
1803,"Shaun of the Dead (2004)"
1804,"Shawshank Redemption, The (1994)"
1805,"She's All That (1999)"
1806,"Sherlock Holmes (2009)"
1807,"Sherlock Holmes: A Game of Shadows (2011)"
1808,"Sherlock: The Abominable Bride (2016)"
1809,"Shine (1996)"
1810,"Shining, The (1980)"
1811,"Shoot 'Em Up (2007)"
1812,"Shooter (2007)"
1813,"Short Circuit (1986)"
1814,"Short Cuts (1993)"
1815,"Showgirls (1995)"
1816,"Showtime (2002)"
1817,"Shrek (2001)"
1818,"Shrek 2 (2004)"
1819,"Shrek the Third (2007)"
1820,"Shutter Island (2010)"
1821,"Sicario (2015)"
1822,"Sicko (2007)"
1823,"Sideways (2004)"
1824,"Siege, The (1998)"
1825,"Signs (2002)"
1826,"Silence of the Lambs, The (1991)"
1827,"Silent Hill (2006)"
1828,"Silver Linings Playbook (2012)"
1829,"Simple Plan, A (1998)"
1830,"Simpsons Movie, The (2007)"
1831,"Sin City (2005)"
1832,"Singin' in the Rain (1952)"
1833,"Single White Female (1992)"
1834,"Singles (1992)"
1835,"Sirens (1994)"
1836,"Sister Act (1992)"
1837,"Sister Act 2: Back in the Habit (1993)"
1838,"Six Days Seven Nights (1998)"
1839,"Six Degrees of Separation (1993)"
1840,"Sixteen Candles (1984)"
1841,"Sixth Sense, The (1999)"
1842,"Skulls, The (2000)"
1843,"Sky Captain and the World of Tomorrow (2004)"
1844,"Skyfall (2012)"
1845,"SLC Punk! (1998)"
1846,"Sleeper (1973)"
1847,"Sleepers (1996)"
1848,"Sleeping Beauty (1959)"
1849,"Sleepless in Seattle (1993)"
1850,"Sleepy Hollow (1999)"
1851,"Sliding Doors (1998)"
1852,"Sling Blade (1996)"
1853,"Sliver (1993)"
1854,"Slumdog Millionaire (2008)"
1855,"Small Soldiers (1998)"
1856,"Small Time Crooks (2000)"
1857,"Smilla's Sense of Snow (1997)"
1858,"Smoke (1995)"
1859,"Smokin' Aces (2006)"
1860,"Snake Eyes (1998)"
1861,"Snakes on a Plane (2006)"
1862,"Snatch (2000)"
1863,"Sneakers (1992)"
1864,"Snow White and the Seven Dwarfs (1937)"
1865,"Snowpiercer (2013)"
1866,"So I Married an Axe Murderer (1993)"
1867,"Social Network, The (2010)"
1868,"Solaris (2002)"
1869,"Solaris (Solyaris) (1972)"
1870,"Some Kind of Wonderful (1987)"
1871,"Some Like It Hot (1959)"
1872,"Something to Talk About (1995)"
1873,"Something Wicked This Way Comes (1983)"
1874,"Something's Gotta Give (2003)"
1875,"Sommersby (1993)"
1876,"Son in Law (1993)"
1877,"Sophie's Choice (1982)"
1878,"Sorcerer's Apprentice, The (2010)"
1879,"Sound of Music, The (1965)"
1880,"Source Code (2011)"
1881,"South Park: Bigger, Longer and Uncut (1999)"
1882,"Soylent Green (1973)"
1883,"Space Cowboys (2000)"
1884,"Space Jam (1996)"
1885,"Spaceballs (1987)"
1886,"Spanglish (2004)"
1887,"Spanish Prisoner, The (1997)"
1888,"Spartacus (1960)"
1889,"Spawn (1997)"
1890,"Specialist, The (1994)"
1891,"Species (1995)"
1892,"Spectre (2015)"
1893,"Speed (1994)"
1894,"Speed 2: Cruise Control (1997)"
1895,"Spellbound (2002)"
1896,"Sphere (1998)"
1897,"Spice World (1997)"
1898,"Spider-Man (2002)"
1899,"Spider-Man 2 (2004)"
1900,"Spider-Man 3 (2007)"
1901,"Spirited Away (Sen to Chihiro no kamikakushi) (2001)"
1902,"Splash (1984)"
1903,"Spotlight (2015)"
1904,"Spring, Summer, Fall, Winter... and Spring (Bom yeoreum gaeul gyeoul geurigo bom) (2003)"
1905,"Spy (2015)"
1906,"Spy Game (2001)"
1907,"Spy Hard (1996)"
1908,"Spy Kids (2001)"
1909,"Spy Who Loved Me, The (1977)"
1910,"St. Elmo's Fire (1985)"
1911,"Stand by Me (1986)"
1912,"Star Trek (2009)"
1913,"Star Trek Beyond (2016)"
1914,"Star Trek II: The Wrath of Khan (1982)"
1915,"Star Trek III: The Search for Spock (1984)"
1916,"Star Trek Into Darkness (2013)"
1917,"Star Trek IV: The Voyage Home (1986)"
1918,"Star Trek V: The Final Frontier (1989)"
1919,"Star Trek VI: The Undiscovered Country (1991)"
1920,"Star Trek: First Contact (1996)"
1921,"Star Trek: Generations (1994)"
1922,"Star Trek: Insurrection (1998)"
1923,"Star Trek: Nemesis (2002)"
1924,"Star Trek: The Motion Picture (1979)"
1925,"Star Wars: Episode I - The Phantom Menace (1999)"
1926,"Star Wars: Episode II - Attack of the Clones (2002)"
1927,"Star Wars: Episode III - Revenge of the Sith (2005)"
1928,"Star Wars: Episode IV - A New Hope (1977)"
1929,"Star Wars: Episode V - The Empire Strikes Back (1980)"
1930,"Star Wars: Episode VI - Return of the Jedi (1983)"
1931,"Star Wars: Episode VII - The Force Awakens (2015)"
1932,"Star Wars: The Last Jedi (2017)"
1933,"Stardust (2007)"
1934,"Stargate (1994)"
1935,"Starman (1984)"
1936,"Starship Troopers (1997)"
1937,"Starsky & Hutch (2004)"
1938,"State and Main (2000)"
1939,"Station Agent, The (2003)"
1940,"Step Brothers (2008)"
1941,"Stepford Wives, The (1975)"
1942,"Stepford Wives, The (2004)"
1943,"Stigmata (1999)"
1944,"Sting, The (1973)"
1945,"Stir of Echoes (1999)"
1946,"Stop! Or My Mom Will Shoot (1992)"
1947,"Straight Story, The (1999)"
1948,"Strange Brew (1983)"
1949,"Strange Days (1995)"
1950,"Stranger than Fiction (2006)"
1951,"Strangers on a Train (1951)"
1952,"Street Fighter (1994)"
1953,"Streetcar Named Desire, A (1951)"
1954,"Strictly Ballroom (1992)"
1955,"Stripes (1981)"
1956,"Striptease (1996)"
1957,"Stuart Little (1999)"
1958,"Stuck on You (2003)"
1959,"Substitute, The (1996)"
1960,"Sucker Punch (2011)"
1961,"Sudden Death (1995)"
1962,"Suicide Kings (1997)"
1963,"Suicide Squad (2016)"
1964,"Sum of All Fears, The (2002)"
1965,"Summer of Sam (1999)"
1966,"Sunset Blvd. (a.k.a. Sunset Boulevard) (1950)"
1967,"Sunshine (2007)"
1968,"Super 8 (2011)"
1969,"Super Mario Bros. (1993)"
1970,"Super Size Me (2004)"
1971,"Super Troopers (2001)"
1972,"Superbad (2007)"
1973,"Superman (1978)"
1974,"Superman II (1980)"
1975,"Superman III (1983)"
1976,"Superman IV: The Quest for Peace (1987)"
1977,"Superman Returns (2006)"
1978,"Surrogates (2009)"
1979,"Sweeney Todd: The Demon Barber of Fleet Street (2007)"
1980,"Sweet Hereafter, The (1997)"
1981,"Sweet Home Alabama (2002)"
1982,"Sweetest Thing, The (2002)"
1983,"Swimming with Sharks (1995)"
1984,"Swingers (1996)"
1985,"Swiss Family Robinson (1960)"
1986,"Sword in the Stone, The (1963)"
1987,"Swordfish (2001)"
1988,"Sydney (Hard Eight) (1996)"
1989,"Syriana (2005)"
1990,"Take the Money and Run (1969)"
1991,"Taken (2008)"
1992,"Talented Mr. Ripley, The (1999)"
1993,"Tales from the Crypt Presents: Bordello of Blood (1996)"
1994,"Tales from the Crypt Presents: Demon Knight (1995)"
1995,"Talk to Her (Hable con Ella) (2002)"
1996,"Talladega Nights: The Ballad of Ricky Bobby (2006)"
1997,"Tangled (2010)"
1998,"Tank Girl (1995)"
1999,"Tao of Steve, The (2000)"
2000,"Tarzan (1999)"
2001,"Taxi Driver (1976)"
2002,"Team America: World Police (2004)"
2003,"Ted (2012)"
2004,"Teenage Mutant Ninja Turtles (1990)"
2005,"Teenage Mutant Ninja Turtles II: The Secret of the Ooze (1991)"
2006,"Teenage Mutant Ninja Turtles III (1993)"
2007,"Tequila Sunrise (1988)"
2008,"Terminal, The (2004)"
2009,"Terminator 2: Judgment Day (1991)"
2010,"Terminator 3: Rise of the Machines (2003)"
2011,"Terminator Salvation (2009)"
2012,"Terminator, The (1984)"
2013,"Terms of Endearment (1983)"
2014,"Texas Chainsaw Massacre, The (1974)"
2015,"Thank You for Smoking (2006)"
2016,"That Thing You Do! (1996)"
2017,"The Amazing Spider-Man 2 (2014)"
2018,"The Artist (2011)"
2019,"The Butterfly Effect (2004)"
2020,"The Count of Monte Cristo (2002)"
2021,"The Devil's Advocate (1997)"
2022,"The Hateful Eight (2015)"
2023,"The Hobbit: The Battle of the Five Armies (2014)"
2024,"The Hunger Games (2012)"
2025,"The Hunger Games: Catching Fire (2013)"
2026,"The Hunger Games: Mockingjay - Part 1 (2014)"
2027,"The Hunger Games: Mockingjay - Part 2 (2015)"
2028,"The Imitation Game (2014)"
2029,"The Intern (2015)"
2030,"The Interview (2014)"
2031,"The Jungle Book (2016)"
2032,"The Lego Movie (2014)"
2033,"The Machinist (2004)"
2034,"The Man from U.N.C.L.E. (2015)"
2035,"The Martian (2015)"
2036,"The Nice Guys (2016)"
2037,"The Queen (2006)"
2038,"The Revenant (2015)"
2039,"The Scorpion King (2002)"
2040,"The Theory of Everything (2014)"
2041,"Thelma & Louise (1991)"
2042,"There Will Be Blood (2007)"
2043,"There's Something About Mary (1998)"
2044,"Thin Blue Line, The (1988)"
2045,"Thin Red Line, The (1998)"
2046,"Thing, The (1982)"
2047,"Things to Do in Denver When You're Dead (1995)"
2048,"Thinner (1996)"
2049,"Third Man, The (1949)"
2050,"Thirteen Days (2000)"
2051,"Thirteen Ghosts (a.k.a. Thir13en Ghosts) (2001)"
2052,"Thirteenth Floor, The (1999)"
2053,"This Is Spinal Tap (1984)"
2054,"This Is the End (2013)"
2055,"This Means War (2012)"
2056,"Thomas Crown Affair, The (1999)"
2057,"Thor (2011)"
2058,"Thor: Ragnarok (2017)"
2059,"Thor: The Dark World (2013)"
2060,"Three Colors: Blue (Trois couleurs: Bleu) (1993)"
2061,"Three Colors: Red (Trois couleurs: Rouge) (1994)"
2062,"Three Colors: White (Trzy kolory: Bialy) (1994)"
2063,"Three Days of the Condor (3 Days of the Condor) (1975)"
2064,"Three Kings (1999)"
2065,"Three Men and a Baby (1987)"
2066,"Three Musketeers, The (1993)"
2067,"Throw Momma from the Train (1987)"
2068,"Thunderball (1965)"
2069,"Time Bandits (1981)"
2070,"Time Machine, The (2002)"
2071,"Time to Kill, A (1996)"
2072,"Timecop (1994)"
2073,"Tin Cup (1996)"
2074,"Titan A.E. (2000)"
2075,"Titanic (1997)"
2076,"To Catch a Thief (1955)"
2077,"To Die For (1995)"
2078,"To Kill a Mockingbird (1962)"
2079,"To Wong Foo, Thanks for Everything! Julie Newmar (1995)"
2080,"Tombstone (1993)"
2081,"Tommy Boy (1995)"
2082,"Tomorrow Never Dies (1997)"
2083,"Tootsie (1982)"
2084,"Top Gun (1986)"
2085,"Top Secret! (1984)"
2086,"Total Recall (1990)"
2087,"Touch of Evil (1958)"
2088,"Town, The (2010)"
2089,"Toy Story (1995)"
2090,"Toy Story 2 (1999)"
2091,"Toy Story 3 (2010)"
2092,"Toys (1992)"
2093,"Trading Places (1983)"
2094,"Traffic (2000)"
2095,"Training Day (2001)"
2096,"Trainspotting (1996)"
2097,"Trainwreck (2015)"
2098,"Transformers (2007)"
2099,"Transformers: Dark of the Moon (2011)"
2100,"Transformers: Revenge of the Fallen (2009)"
2101,"Transporter 2 (2005)"
2102,"Transporter, The (2002)"
2103,"Treasure of the Sierra Madre, The (1948)"
2104,"Tremors (1990)"
2105,"Triplets of Belleville, The (Les triplettes de Belleville) (2003)"
2106,"Tron (1982)"
2107,"Tron: Legacy (2010)"
2108,"Tropic Thunder (2008)"
2109,"Troy (2004)"
2110,"True Grit (2010)"
2111,"True Lies (1994)"
2112,"True Romance (1993)"
2113,"Truman Show, The (1998)"
2114,"Truth About Cats & Dogs, The (1996)"
2115,"Tucker & Dale vs Evil (2010)"
2116,"Turner & Hooch (1989)"
2117,"Tuxedo, The (2002)"
2118,"Twelfth Night (1996)"
2119,"Twelve Monkeys (a.k.a. 12 Monkeys) (1995)"
2120,"Twilight (2008)"
2121,"Twilight Saga: Eclipse, The (2010)"
2122,"Twin Peaks: Fire Walk with Me (1992)"
2123,"Twins (1988)"
2124,"Twister (1996)"
2125,"Two Weeks Notice (2002)"
2126,"U-571 (2000)"
2127,"U.S. Marshals (1998)"
2128,"Ugly Truth, The (2009)"
2129,"Ultraviolet (2006)"
2130,"Unbearable Lightness of Being, The (1988)"
2131,"Unbreakable (2000)"
2132,"Uncle Buck (1989)"
2133,"Under Siege (1992)"
2134,"Under Siege 2: Dark Territory (1995)"
2135,"Underworld (2003)"
2136,"Underworld: Evolution (2006)"
2137,"Unforgiven (1992)"
2138,"Universal Soldier (1992)"
2139,"Untitled Spider-Man Reboot (2017)"
2140,"Untouchables, The (1987)"
2141,"Up (2009)"
2142,"Up Close and Personal (1996)"
2143,"Up in the Air (2009)"
2144,"Urban Legend (1998)"
2145,"Usual Suspects, The (1995)"
2146,"V for Vendetta (2006)"
2147,"Valkyrie (2008)"
2148,"Van Helsing (2004)"
2149,"Vanilla Sky (2001)"
2150,"Varsity Blues (1999)"
2151,"Vertical Limit (2000)"
2152,"Vertigo (1958)"
2153,"Very Bad Things (1998)"
2154,"Very Brady Sequel, A (1996)"
2155,"Vicky Cristina Barcelona (2008)"
2156,"Victor/Victoria (1982)"
2157,"View to a Kill, A (1985)"
2158,"Village of the Damned (1995)"
2159,"Village, The (2004)"
2160,"Virgin Suicides, The (1999)"
2161,"Virtuosity (1995)"
2162,"Volcano (1997)"
2163,"Wag the Dog (1997)"
2164,"Waiting for Guffman (1996)"
2165,"Waiting... (2005)"
2166,"Waking Life (2001)"
2167,"Waking Ned Devine (a.k.a. Waking Ned) (1998)"
2168,"Walk in the Clouds, A (1995)"
2169,"Walk the Line (2005)"
2170,"Walk to Remember, A (2002)"
2171,"Wall Street (1987)"
2172,"Wallace & Gromit in The Curse of the Were-Rabbit (2005)"
2173,"Wallace & Gromit: A Close Shave (1995)"
2174,"Wallace & Gromit: The Best of Aardman Animation (1996)"
2175,"Wallace & Gromit: The Wrong Trousers (1993)"
2176,"WALL·E (2008)"
2177,"Wanted (2008)"
2178,"War of the Worlds (2005)"
2179,"War of the Worlds, The (1953)"
2180,"WarGames (1983)"
2181,"Warm Bodies (2013)"
2182,"Warrior (2011)"
2183,"Watchmen (2009)"
2184,"Waterboy, The (1998)"
2185,"Watership Down (1978)"
2186,"Waterworld (1995)"
2187,"Wayne's World (1992)"
2188,"Wayne's World 2 (1993)"
2189,"We Were Soldiers (2002)"
2190,"We're the Millers (2013)"
2191,"Wedding Crashers (2005)"
2192,"Wedding Date, The (2005)"
2193,"Wedding Planner, The (2001)"
2194,"Wedding Singer, The (1998)"
2195,"Weekend at Bernie's (1989)"
2196,"Weird Science (1985)"
2197,"Welcome to the Dollhouse (1995)"
2198,"Wes Craven's New Nightmare (Nightmare on Elm Street Part 7: Freddy's Finale, A) (1994)"
2199,"West Side Story (1961)"
2200,"Westworld (1973)"
2201,"Whale Rider (2002)"
2202,"What About Bob? (1991)"
2203,"What Dreams May Come (1998)"
2204,"What Lies Beneath (2000)"
2205,"What Women Want (2000)"
2206,"What's Eating Gilbert Grape (1993)"
2207,"What's Love Got to Do with It? (1993)"
2208,"When a Man Loves a Woman (1994)"
2209,"When Harry Met Sally... (1989)"
2210,"When We Were Kings (1996)"
2211,"Where the Wild Things Are (2009)"
2212,"While You Were Sleeping (1995)"
2213,"Whiplash (2014)"
2214,"White Men Can't Jump (1992)"
2215,"White Squall (1996)"
2216,"Who Framed Roger Rabbit? (1988)"
2217,"Whole Nine Yards, The (2000)"
2218,"Wild Bunch, The (1969)"
2219,"Wild Tales (2014)"
2220,"Wild Things (1998)"
2221,"Wild Wild West (1999)"
2222,"William Shakespeare's A Midsummer Night's Dream (1999)"
2223,"William Shakespeare's Romeo + Juliet (1996)"
2224,"Willow (1988)"
2225,"Willy Wonka & the Chocolate Factory (1971)"
2226,"Wings of Desire (Himmel über Berlin, Der) (1987)"
2227,"Winnie the Pooh and the Blustery Day (1968)"
2228,"Witches of Eastwick, The (1987)"
2229,"Witness (1985)"
2230,"Wizard of Oz, The (1939)"
2231,"Wolf (1994)"
2232,"Wolf of Wall Street, The (2013)"
2233,"Wolverine, The (2013)"
2234,"Women on the Verge of a Nervous Breakdown (Mujeres al borde de un ataque de nervios) (1988)"
2235,"Wonder Boys (2000)"
2236,"Wonder Woman (2017)"
2237,"Working Girl (1988)"
2238,"World Is Not Enough, The (1999)"
2239,"World War Z (2013)"
2240,"World's End, The (2013)"
2241,"Wreck-It Ralph (2012)"
2242,"Wrestler, The (2008)"
2243,"Wyatt Earp (1994)"
2244,"X-Files: Fight the Future, The (1998)"
2245,"X-Men (2000)"
2246,"X-Men Origins: Wolverine (2009)"
2247,"X-Men: Apocalypse (2016)"
2248,"X-Men: Days of Future Past (2014)"
2249,"X-Men: First Class (2011)"
2250,"X-Men: The Last Stand (2006)"
2251,"X2: X-Men United (2003)"
2252,"xXx (2002)"
2253,"Yellow Submarine (1968)"
2254,"Yes Man (2008)"
2255,"Yojimbo (1961)"
2256,"You Don't Mess with the Zohan (2008)"
2257,"You Only Live Twice (1967)"
2258,"You've Got Mail (1998)"
2259,"Young Frankenstein (1974)"
2260,"Young Guns (1988)"
2261,"Young Guns II (1990)"
2262,"Young Sherlock Holmes (1985)"
2263,"Zack and Miri Make a Porno (2008)"
2264,"Zero Dark Thirty (2012)"
2265,"Zero Effect (1998)"
2266,"Zodiac (2007)"
2267,"Zombieland (2009)"
2268,"Zoolander (2001)"
2269,"Zootopia (2016)"
